Skill,label
V-Ray,Hard
Demographics,Hard
Angel Investing,Hard
Confined Spaces,Hard
Target Market Selection,as
Clinical Psychology,Hard
Aerobics,Hard
Hearing Aid,Hard
Facilitation Techniques,Soft
Armature,Hard
Consolidated Accounting,Hard
Sales Management,Soft
Food Packaging,Hard
Waste Management,Hard
Service Management,Soft
Side Dishes,Hard
Production Management,Hard
Stakeholder Engagement,Soft
Microsoft Teams,Hard
Public Works,Hard
Viscosity,Hard
Servicing and Car Mechanics,Hard
Stepper,Unknown
Business Relationship Management,Soft
Advertising Management,Hard
Competency Assessment,Hard
Technology Architecture,Hard
Abstractions,Soft
Mail Services,Hard
Total Quality Management,Hard
Project Planning,Hard
Construction and Installation of Roofs,Hard
Landscaping,Hard
Illustration,Hard
Animal Slaughter,with?
Pharmacology,Hard
Quality Function Deployment (QFD),Hard
Intrusion Prevention Systems,Hard
Currency Exchange,Hard
Importing and Exporting of Goods,Hard
Knowledge of Politics,Hard
Telecommunications,Hard
Informational Graphics,Hard
Personal Communications Services,Soft
Trigonometry,Hard
Picking of Orders,Hard
Psychomotor Education,Hard
Manual Handling,Hard
Medical Direction,Hard
Mediation,Soft
Risk Analysis,Hard
Image Processing,Hard
Metalworking,Hard
Financial Instrument,Hard
Electrical Inspection,Hard
Marketing Concepts,Hard
Infrastructure Management,Hard
Product Defect,Hard
Remote Monitoring,Hard
Ergonomics,Hard
Production Part Approval Process,Hard
International Studies,Hard
Business Planning and Control Systems,Hard
Management of Marketing,Hard
Impact Analysis,since
Asset Management,Hard
Travel Planning,Hard
Regulatory Compliance,Hard
Board Design,Hard
Technical Supervision,Hard
Customer Experience,Soft
Linear Algebra,Hard
Human Resource Strategy,Hard
LED Lamps,Hard
Political Philosophy,Soft
Translation and Interpreting,Hard
Vehicle Body Work,Hard
Noise Reduction,Hard
Hairstyling and Hair Care,Hard
Shock Absorbers,Hard
Boarding of Passengers,Soft
Actuarial Science,Hard
Dimensional Quality Control,Hard
Test Methods,Hard
Conceptual Design,Hard
Small Engines,Hard
Distance Learning,Hard
Dishwashing,Hard
Morphology,Hard
Development of the Team,Soft
Anatomy,Hard
Sales Strategy,Hard
Assembly of Machines,Hard
Tax Return,Hard
Project Collaboration,Soft
Knowledge of Professional Development,Soft
Secondary Market,Hard
Maintenance,Hard
Cession,Soft
Psychological Testing,Hard
Physical Therapy,Hard
Trade Compliance,Hard
Limelight,Unknown
Product Design,Hard
Middle Management,Soft
Customer Relationship Management,Soft
Internet of Things,Hard
Spinning (Textiles),Hard
Direct Current,Hard
Back Office,Hard
Sports Events,Soft
Mechanical Adjustment,Hard
Regulatory Affairs,Hard
Core Banking,Hard
Cost of Goods Sold (Inventory),Hard
Phone Sales,Soft
Electronic Dance Music (EDM),""""
Knowledge of Grinding,Hard
SIMATIC WinCC (SCADA System),Hard
Bankruptcies,Hard
Concurrent Estate,Hard
Staging,Hard
Logbooks,Soft
Prioritization of Requirements,Hard
Learning Aids,Soft
Steam Generators,Hard
Shrubbery,Hard
Durable Goods,techniques
Financial Modeling,Hard
Travel Industry,Soft
Knowledge of Electrocardiography,Hard
Cinematography,Hard
General Mathematics,Hard
Kinematics,Hard
Flatbed Trucks,Hard
Vascular Surgery,Hard
Functional Analysis,Hard
Functional Management,Hard
Vendor Relationship Management,Soft
Bartending Skills,Hard
Material Selection,Hard
Liquid Penetrant Testing,Hard
Data Research,Hard
Electromechanics,Hard
Business-to-business Sales,Soft
Survivability,Soft
Social Integration,Soft
Steam Cleaning,Hard
Food Safety,Hard
Horticulture,Hard
International Business,which
Development Planning,Soft
Asset Allocation,Hard
Materials Processing,Hard
Translational Medicine,interpersonal
Applied Psychology,Hard
Interviewing,Soft
Injection Molding Process,Hard
Baseball,Hard
Eloquence,Soft
Real Estate Finance,Hard
Thermal Systems,Hard
Deformation,Hard
Job Satisfaction Monitoring,Hard
Mechanical Maintenance,Hard
Copywriting,Soft
Aerospace Engineering,Hard
Business Directory,Unknown
Social Psychology,Hard
Knowledge of Medicine,Hard
Industrial Engineering,Hard
Product Support,Hard
Career Counseling,Soft
Technical Documentation,Hard
Sports Medicine,Hard
Flexible Working,Soft
Fabric Processing,Hard
Standardization,Hard
Radio Frequency,Hard
Indirect Tax,Hard
Confidentiality,Soft
Pneumatic Systems,Hard
Mold Design,Hard
Knowledge of Humanities,Hard
Home Care,Hard
Stipulations,Soft
Forklift Trucks,Hard
Community Management,Soft
Moulding Machines,Hard
Roadside Assistance,Hard
Dental Health,Soft
Antibiotics,with?
Mechanical Systems Drawings,Hard
Financial Stocks,Hard
Elasticity,Hard
Rubric,with
Transportation Management,Hard
Centrifugation,Hard
Biomechanics,Hard
Legal Appeals,Hard
Private Law,Hard
Solidarity,Soft
Underbody,Hard
Comsol Multiphysics,Hard
Process Specification,Hard
Literature,Soft
Display Advertising,technical
Digital Identity,Hard
Receiving Procedures,Soft
Laminar Flow,Hard
Aerodynamics,Hard
Industrial Polishing,Hard
Social Economy,Hard
Classical Music,Hard
Forensic Sciences,Hard
Rental Business,Hard
Wheel Alignment,Hard
Office Machines,Hard
Management of Suppliers,Hard
Economy,Hard
Health Care,Hard
Production Systems,Hard
Active Listening Skills,Soft
Aircraft Maintenance,Hard
Surveys,"""Hard"
Personal Finance,Soft
Carrying out Assessments,Hard
Interactivity,Soft
Slitting,Hard
Pressure Washers,Hard
Canvassing,Soft
Operation Centers,Hard
Neonatology,Hard
Petroleum Engineering,Hard
Meetings Organisation and Preparation,Soft
Forensic Accounting,Hard
Fishing,Hard
User Assistance,Soft
Knowledge of Glazing,Hard
Identity Theft,Soft
Geriatrics,Hard
Fashion Industry,Soft
Risk Measure,Hard
Consumer Electronics,Hard
Business Priorities,Hard
Visual Perception,Soft
Security Controls,Hard
Kitchen Management,Hard
Evidence-Based Nursing,Hard
Oncology,Hard
Tiling Skills,Hard
Restocking Shelves,Hard
Collective Bargaining,Soft
Health Facilities,Hard
Enteral Nutrition,Hard
Aerospace Manufacturing,Hard
Office Procedures,Soft
Electric Power Distribution,Hard
Task Management,Soft
Iges,is?
Video Cameras,Hard
Electrical Measurements,Hard
Accrual Accounting,Hard
Information Architecture,Hard
Sales Concepts,Soft
Credit Facilities,Hard
Lapping,Hard
Customer Analytics,Hard
Chargeback,Hard
Celiac Disease (Professional Expertise),Hard
Cultivator,Hard
Mail Order,Hard
Financial Accountability,Soft
Edger,Hard
Policy Analysis,Hard
Physical Exercises,Hard
Corporate Finance,Hard
Service Industries,Soft
Product Compliance,Hard
Creative Industries,Soft
Garnishment,Hard
Tourism,Soft
Pizza Baking,Hard
Robotics Design and Production,Hard
Creative Direction,Hard
Temperature Control,Hard
Technical Terminology,Hard
Educational Planning,Hard
Extrusion Machines,Hard
Gas Pipelines,Hard
Industrial Mechanics,Hard
Neurosurgeries,Hard
Solvents,Soft
Optical Devices,Hard
Congruence,Soft
Financial Planning,skill.
5-Why Method,Hard
Microeconomics,Hard
Cognitive Disorders,Hard
Knowledge of Advertising,Hard
Legal Systems,Hard
Brokerage,I
Bioanalysis,Hard
District Heating,as
Agricultural Vehicles,Hard
Pressure Measurement,Hard
Operational Maintenance,Hard
Quality Certification,Hard
Applied Mechanics,Hard
Pre-Production,Soft
Educational Technologies,Hard
Technical Drawings,Hard
Market Data,Hard
Knowledge of the Hospitality Industry,Hard
Sales Performance Management,Hard
Development Programmes,Hard
Affinity Marketing,Hard
Steel Frames,Hard
Applied Mathematics,Hard
Crimping,Hard
Captions,Soft
Business Technologies,Hard
Management Accounting,Hard
Nuclear Magnetic Resonance,Hard
Critical Care,Hard
Project Closure,Soft
Communication with Patients,Soft
Business Transaction Management,Hard
Balance Sheets,Hard
Public Relations,Soft
Knowledge of Livestock Farming,Hard
Customer Retention,Soft
Counseling Techniques,Soft
Leased Lines,Hard
Headlamp,item.)
Surgical Operations Rooms,Hard
Knowledge of Plumbing,Hard
Paraffin,Unknown
Servomechanism,Hard
Customer Profitability,Hard
Pediatric Nursing,Hard
Scientific Instruments,Hard
Sound Design,Hard
Ambulances,"Services""?"
Blister (Packaging),Hard
Trial Balance,Hard
Content Marketing,Soft
Architecture,Hard
Fundamental Analysis,Hard
Development Economics,Hard
Baking Goods,Hard
Gas Tungsten Arc Welding,Hard
Knowledge of Cleaning Agents,Hard
Genetic Engineering,Hard
Cognitive Development,Hard
Staff Accounting,Hard
Textile Industry,Hard
Turbomachinery,Hard
Contract Management,Hard
Return Merchandise Authorization,Soft
Foods,Unknown
Cell Biology,Hard
Recitation,Soft
Business Travel Management,Hard
Knowledge of Clothing,Hard
DC Motors,Hard
Limited Liability,Hard
Real Estate,Hard
Embroidery,Hard
Superstores,than
Schematics,Hard
Films,Soft
Maintenance Engineering,Hard
Dozer,Unknown
Aliasing,Hard
Knowledge of Socioeconomics,Hard
Orthopedic Rehabilitation,Hard
Reverse Osmosis,Hard
Commercial Laws,Hard
General Insurance,Hard
Consulting,Hard
Lymphatic Drainage,Therefore
Liquid Chromatography Mass Spectrometry,Hard
Computer Animation,Hard
Civil Defense,Hard
Formal Learning,Hard
Sales Training,Soft
Wind Tunnel,Hard
Inspection Activities,Hard
Quantification,Hard
Retrofitting,Hard
SEO Copywriting,Hard
Process Automation,Hard
Surface Finishing,Hard
Knowledge of Labour Laws,Hard
Publishing Skills,Hard
Precious Metals,Hard
Industrial Tools,Hard
Personalization,Hard
Injunction,Unknown
Brewery,Hard
Medical Emergencies,Hard
Patisserie,Hard
Search Engine Marketing,skill.
New Media,Hard
Cargo Securing,Hard
Shipyard,Hard
Microscopy,Hard
Animal Care,Hard
IT Project Management,Hard
Sales Planning,Hard
Renovation Skills,Hard
Biopsies,Hard
Plant Management,Hard
Diseases and Disorders,Hard
Air Brush,Hard
Cardio-Pulmonary Resuscitation (CPR),Hard
Exhibitions,Hard
Shift Scheduling,Hard
Biodiesel,Hard
Anchoring,Soft
Sales Campaigns,Hard
Business Lead Management,Soft
Paper Mill,Hard
Firefighting,Hard
Chamfering,Answer
Systems Modeling,Hard
Safety Training,Hard
Chemical Synthesis,Hard
Very Special Relativity,Hard
Lubricating and Greasing,Hard
Asepsis,Hard
Design Specifications,Hard
Geography,Hard
Customer Communications Management,Hard
Pharmaceuticals,Hard
Soaps,Hard
Winding,Hard
Software Update,Hard
Harvest (Wine),Hard
Economic Order Quantity,Hard
Order Checking,Soft
Industrial Production,Hard
Fintech,Hard
Luxury Goods,Hard
Window Blinds,Hard
Clinical Pharmacy,Hard
Clinical Medicine,Hard
Steelmaking,Hard
Manufacturing Laboratory,Hard
Civil Law,Hard
Value Stream Mapping,Hard
Lean Six Sigma Black Belt,Hard
Transmission,Hard
Alternators,Hard
Water Jet Cutting,Hard
Machine Safety,Hard
Product Consultancy,Hard
Handling and Load Carrying,Hard
Gantry Crane,Hard
Chronic Kidney Disease (Professional Expertise),Hard
Social Recruiting,Soft
Masonry and Bricklaying Work,Hard
Construction and Installation of Floors,Hard
Cloakroom Operations,Soft
Sediment,Unknown.
Weighing of Raw Materials,Hard
Academic Writing,Soft
Execution of Experiments,Hard
Autodesk Inventor,Hard
Marketing,Hard
Psychiatry,Hard
Program Management,Hard
Valet Parking,Hard
Floor Planning,Hard
Cooking Skills,Hard
Biopharmaceuticals,skill.
SA8000,level
Coffee Beans,Unknown
Stoma (Medicine),technical
Safety Management Systems,Hard
Mystery Shopping,Soft
Fine Motor Skills,Hard
General Knowledge,Soft
Vehicle Audio,Hard
Medical Laboratory,Hard
Hoisting Skills,Hard
Genetics,Hard
Production Support,Hard
Graphic Design,Hard
Imprest Systems,Hard
Structural Repairs,Hard
Concept Arts,Hard
Journals,Soft
Process Design,Hard
Generally Accepted Accounting Principles,Hard
Decommissioning,Hard
Electronic Control Unit,Hard
Vehicles Transportation,Hard
A/C Recharge,Hard
Website Management,Hard
Occupational Hygiene,Hard
Commercial Art,Hard
Consumer Behaviour,Soft
Knowledge of Sociology,Hard
Biodiversity,Hard
Work Breakdown Structure,Hard
Financial Systems,Hard
Technical Information,Hard
Business Process Improvement,Hard
Spelling and Grammar,Hard
SolidWorks (CAD),Hard
Strategies of Marketing,Hard
Data Management,Hard
Heart Rate,Hard
Refunding,Hard
Private Tutoring,Hard
Disability Support,Soft
Setting of Goals,Soft
Market Development,Hard
Psychosis,classification.
Filing Skills,Soft
Commercial Management,Hard
Language Education,Soft
Project Initiation Documentation,Hard
Taxi Operator Licence,Hard
Laser Beam Welding,Hard
Telecommuting,Soft
SWOT Analysis,Hard
Medical Surveillance,Hard
Surgical Instruments,Hard
Bid Management,Soft
Catering Equipment,Hard
Pest Control,Hard
International Standards,Hard
Predictive Maintenance,Therefore
Auditions,Soft
Generation of Leads,Soft
Consumer Packaged Goods,Hard
Molecular Medicine,Hard
Laser Cutting,Hard
Kanban,Hard
Feedback Management,Soft
Canopy Management,Soft
Fiber Optic Network,Hard
Condensers,Hard
Dashboards,Hard
Construction Chemistry,Hard
Proximity Sensor,Hard
International Financial Economics,Hard
Electrical Connections,Hard
Office Sales,Soft
Affiliate Marketing,to
Knowledge of Waxes,Hard
Journalism,Hard
Knowledge of Boats,Hard
Medical Imaging,Hard
Finance Lease,Hard
Fashion Accessory,Hard
Coffee Making,Hard
Road Transport,Hard
Credit Collections,Hard
Diagnostic Radiology,Hard
Systems Integration,Hard
Knowledge of Engineering,Hard
Italian Cuisine,Hard
International Taxation,Hard
Milling Machine Operation,Hard
Neonatal Nursing,Hard
Clothing Care and Cleaning,Hard
Limit Switch,Hard
Business Transformation,Hard
Abrasive Blasting,Hard
Direct Tax,Hard
Mixed Media,Hard
Sterilization,Hard
Fanuc,Unknown
Hedge Accounting,Hard
Operations Research,Hard
Recall of Memory,Hard
Immunohaematology,and
Water Supply,Hard
High Frequency,Hard
CNC Machine Use,Hard
Reinforced Concrete,Hard
Advertorials,att
Key Performance Indicators,Hard
Database Administration,Hard
Cold Calling Sales,Soft
Failure Analysis,Hard
Comparator,Soft
Wood Flooring,Hard
Microwave Radiation,Hard
Self-Organization,Soft
Turbines,Hard
Finishing Works,Hard
Knowledge of Learning Disabilities,Hard
Water Filters,Hard
MicroRNA,"biochemistry,"
Satellites,Hard
Industrial and Organizational Psychology,Hard
Practice Management,Hard
Parapharmacy,Hard
Seafood,Unknown
Statutory Audit,Hard
Disbursement,Hard
Environmental Services,Hard
Business Performance Management,Hard
Manufacturing,Hard
Enzymes,Hard
Managed Print Services,Hard
Knowledge of Complex Sales,Soft
Islam,Unknown
Investment Trust,Hard
Electrical Switches,Hard
Painting,Hard
Dangerous Goods,Hard
HR Consulting,Hard
Cost Optimisation,Hard
Weaving,Hard
Public Disclosure,Soft
Body Treatments,Hard
Trading Room,Hard
Direct Marketing,Hard
Control Operation,Hard
Galvanization,Hard
Ground Transportation,Hard
Fuel Systems,Hard
Streamline,Hard
Scrubber,Hard
Neuropsychological Tests,Hard
Child Care,Soft
Industrial Sewing Machine,Hard
Raw Materials,Hard
Operational Planning,Hard
Nursing Theories,Hard
Business Licensing,Hard
RNA Sequencing,Hard
Information Design,Hard
Knowledge of Oral Health,Hard
Health Risks,Hard
Knowledge of Packaging and Processing,Hard
Blood Pressure,Unknown
Nail Arts,Hard
Histology,Hard
Process Analysis,Hard
Administration of Medications,Hard
Project Support,Soft
Financial Risk,Hard
Merchandising,application
Nutrition and Dietetics,Hard
Magnification,Hard
Nozzles,2:
Transfusion Medicine,Hard
Bootcamp,Hard
Customer Insights,Hard
Governmental Accounting,Hard
Hair Analysis,Hard
Feasibility Studies,Hard
Business Forecasts,Hard
Photography Skills,Hard
Fashion Design,Hard
Trade Union Law,Hard
Doppler Ultrasonography,Hard
Bank Statements,Hard
Single-Minute Exchange of Die (SMED),Hard
Multichannel Marketing,Hard
Stationery,Unknown
Production Monitoring,Hard
Medium Voltage,Hard
Delivery to Private Individuals,Hard
Deferred Income,Hard
Customer Account Management,Soft
Flexography,Hard
Periodontology,Hard
Control of Finished Goods,Hard
Immunohistochemistry,Hard
Electrical Relays,Hard
Restructuring,Hard
Geothermal Energy,Hard
Public Policies,"Policies"""
Growth Strategies,Soft
Telecare,Soft
Observational Techniques,Soft
Electrode,Hard
Integrated Reporting,Hard
Panel Saw,Hard
Lesion,"""Lesion""?"
Triage,Hard
Iso/iec,Hard
Planning of Lessons,Hard
Automotive Engines,Hard
Articulation,Soft
Squeegee,Hard
Deconstruction,Hard
Land Use,Hard
Calipers,Hard
Air Traffic Control,Hard
Topsoil,Unknown
Technical Analysis,Hard
Venture Capital,it
Deficits,Hard
Transcribing Skills,Soft
Mechanical Ventilation,Hard
Performance Management,Soft
Mapping,Hard
Simulations,Hard
Production Line,Hard
Natural Sciences,Hard
Safety Stock,Hard
Industrial Instrumentation,Hard
Dowel,Unknown
Floor Management,Answer:
Warehouse Distribution,Hard
Blood Sugar,you.
Pipe Cutting,Hard
Scientific Literature,Hard
Makeover,Soft
Machine Control Systems,Hard
Financial Accounting,Hard
CAM Programming,Hard
Hotel Reception Skills,Soft
Legal Lawsuits,Hard
Adjusting Entries,Hard
Geometry,Hard
Facilities Design,Hard
Commercial Banking,Hard
Pharmaceutical Sciences,Hard
Food Technology,Hard
Digital Marketing,aspects
Soil Testing,Hard
Commercial Refrigeration,Hard
Health Safety and Environment,Hard
Immunology,Hard
Recycling Plants,Hard
Design Elements and Principles,Soft
Predictive Data Analysis,Hard
Social Research,Hard
Quality Control,Soft
Expediting,Soft
Public Health,Hard
Production Preparation,Hard
Automated External Defibrillator,Hard
Admission Control,Hard
Promotional Actions,Hard
Knowledge of Lathes,Hard
Children's Clothing,Hard
Resource Allocation,Hard
Due Diligence,Hard
Upholsteries,Hard
Evaporator,Hard
Turnaround Time,Unknown
European Union Laws,Hard
Semiconductors,Hard
Applied Research,Hard
Industrialisation,"aspects,"
Prothese,Hard
Anti-theft,Hard
Obstetrics,Hard
National Electrical Codes,Hard
Decontamination,Hard
Marine Biology,Hard
Level 2 Stocks,Hard
Digital Media,Hard
Preventive Action,Hard
Allergens,to
Notified Body,Hard
Social Work,Soft
Mobile Marketing,""""
Marketing Channel,Soft
Door to Door Sales,Soft
Transfer Pricing,Hard
Hygiene Management,Hard
Governance Risk Management and Compliance,Hard
Structural Engineering,Hard
Help Desk,Hard
IRS Tax Forms,Hard
Solvency,Hard
Transport Services,Hard
Tailings,Hard
Laser Tracker,Hard
Prepare Walls,Hard
Fire Safety,Hard
Environmental Laws,Hard
Resource Management,Hard
Accounting,Hard
Picking,Hard
Measuring Blood Pressure,Hard
CANalyzer,Hard
Organisational Policies,Hard
Process Safety,Hard
Prevent Loss and Breakage,Hard
Fundraising,Soft
Business to Business Commerce,Hard
Interpreting Technical Drawings,Hard
Quality Policy,Hard
Veterinary Medicine,Hard
Tax Management,Hard
Immunoprecipitation,Hard
Market Segmentation,Hard
Resistors,Hard
Polycyclic Aromatic Hydrocarbon,with?
Public Services,Hard
Tillage Process,Hard
Digital Cameras,Hard
Solution Delivery,Soft
Spectrometer,Hard
Health Care Cards,Hard
Administrative Laws,Hard
Civics,Soft
Hydroelectricity,Hard
Uranium,classify.
Speeds and Feeds,Hard
Handguns,with?
Electrical Maintenance,Hard
Visualization,Soft
Bariatrics,Hard
Social Legislation,Hard
General Surgery,Hard
Cerebral Palsy (Professional Expertise),Unknown
Asset Protection,Hard
Management Support,Soft
Supply Chain Management,Hard
Ceramic Glazing,Hard
Freight Forwarding,skills.
Fossil Fuel,Hard
Zumba,Hard
Regional Sales,Soft
Business Strategies,Hard
Heat Exchanger,Hard
Mechanical Failure,Hard
Reamers,"""Reamers""?"
Encodings,Hard
Preventive Healthcare,Soft
Internal Accounting Controls,Hard
Business English,Hard
Ammunitions,Hard
Brand Management,Hard
Ductility,Unknown
Homeostasis,Unknown
Shiatsu,Hard
Theatre,Soft
Knowledge of Topography,Hard
Request for Proposal,Hard
Optometry,Hard
Plant Efficiency,Hard
Roofing Materials,Hard
Full Option Science Systems,Hard
Computer-aided Manufacturing,Hard
Editing of Photos,Hard
Funeral Services,Unknown
Conditioners (Farming),involves
Storage Systems,Hard
Electricity Generation,Hard
Knowledge of Civil Engineering,Hard
Psychology,Hard
Collection of Goods,Hard
Civil Procedure Law,Hard
Banking Law,Hard
Profile Cutting,Hard
Continuous Training,Soft
Refinishing of Wood Surfaces,Hard
Iconography,Hard
Personnel Data,Hard
Income Support,Hard
Category Management,Hard
Spectroscopy,Hard
Business Credit Reports,Hard
Hot Runner,Hard
Social Media,Soft
Playgrounds,follows:
Business Model,Hard
Intercultural Communication,Soft
Attendance Tracking,Hard
Acquisition Processes,Hard
Performance Improvement,Hard
Trading,Hard
Car Rental,Soft
Knowledge of Furnishing,Hard
Evictions,Hard
Chain Stores,Soft
Pumps,Hard
Applied Physics,Hard
Insourcing,Soft
Transfection,Hard
Security Domain,Hard
Diagnostic Tests,Hard
Foreign Language Correspondence,Soft
Drum Kit,Soft
Global Interpreter Lock,Hard
Espresso Machines,Hard
Regional Planning,Hard
Program Evaluations,Hard
Thermal Analysis,Hard
Restaurant Operation,Hard
Pharmaceutical Marketing,Hard
Medicinal Chemistry,Hard
ISO 9000,Hard
Infectious Diseases,Hard
Operations Management,Hard
Backlogs,Soft
Numerical Analysis,Hard
Mutual Funds,Hard
Decision Analysis,Hard
Emerging Markets,Hard
Journalistic Writing,Soft
Automotive Engineering,Hard
Pliers,skill.
Seat Belts,Soft
Data Science,"programming,"
Social Sciences,Hard
Inventory Valuation,Hard
Microbiology,Hard
Sample Collection,Hard
Insurance Management and Aftercare,Hard
Continuous Monitoring,Hard
Chemical Engineering,Hard
Media Education,Hard
Precipitation,Hard
Knowledge of Business Events,Soft
Immigration,Hard
Electrical Machines,Hard
Online Meetings,Hard
Radio Equipment,Hard
Theatrical Techniques,Soft
Nervous Systems,Hard
Content Distribution,Hard
Ophthalmology,Hard
Kitchen Equipment,Hard
Knowledge of Dynamics of Groups,Soft
Bus Driving,Hard
Office Management,Hard
Economic Policy,Hard
International Cuisine,Soft
Machine Press,Hard
Heating System Maintenance,Hard
Consumer Credit,Hard
Distribution (Business),Hard
Relationship Marketing,Soft
Self Defense,Hard
Optical Comparator,Hard
Net Assets,Unknown
Home Staging,Hard
Organic Chemistry,Hard
Field Research,Hard
Conflict Resolution,Soft
Loans,Hard
Costumes,Soft
HGV,as:
Medical Prescriptions,Hard
Electromagnetic Compatibility,Hard
Mechanical Systems,Hard
Sales Tax,Hard
Rapid Learning,Hard
Infrared Technology,Hard
Test Equipment,Hard
Knowledge of Econometrics,Hard
Squaring,Hard
Corporate Accounting,Hard
Moulds Preparation,Hard
Antennas,Hard
Agitator and Mixer Operation,Hard
Data Quality,Soft
Waterproofing,Hard
Judo,Hard
Withholding Tax,Hard
Building Codes,Hard
Material Safety Data Sheets,Hard
Dietary Supplements,Hard
Marketing Communications,and
Aerial Work Platforms,Hard
Metal Lathes,Hard
Income Tax,Hard
Universal Design,Hard
International Laws,Hard
Knowledge of Fashion,Soft
Footwear Industry,hard
Room Servicing and Cleaning,Hard
Ballroom Dancing,Soft
Subcontractors Relationship Management,Soft
Gsuite,Hard
Integrated Services,Hard
Zoology,Hard
Polling,Hard
Hair Removal,Hard
Developmental Biology,Hard
Autodesk Mechanical Desktop,Hard
Systems Security Certified Practitioner,Hard
Knowledge of Substance Dependence,Hard
Cell Cultures,Hard
RNA Extraction,Hard
Plastic Manufacturing,Hard
Kitchen Safety,Hard
Transport Engineering,Hard
8D Report,Hard
Reorganisation,Soft
Medical Office Skills,Hard
Capital Budgeting,Hard
Production Materials,Hard
Quality Strategy,Hard
Machine Maintenance,Hard
Robotic Surgery,Hard
Milk Processing,Hard
Good Powers of Observation,Soft
Dictation,Soft
Wrenches,Hard
Tailoring,Hard
Conveyor Systems,Hard
Financial Analysis,Hard
Pallet Wrapper Operation,Hard
Additives,Hard
Wind Farming,Farm
Mobile Device Management,Hard
Advanced Driver Assistance Systems,Hard
Knowledge of Laws,Hard
Repairing Skills,Hard
Duct Systems,Hard
System Sales,Soft
Engine Tuning,Hard
Enrollment Management,Hard
Well-being and Personal Care,Soft
Human Resources,Hard
Production Schedule,Hard
Management of Tenders,Soft
Academic History,Hard
Engine Designs,Hard
Medications,Hard
Thinning,Hard
Autodesk 3DS Max (3D Graphics Software),Hard
Human Relations Movement,Unknown
Transferable Skills Analysis,Soft
Client Accounting,Hard
Brazing of Metals,Hard
Military Security,Hard
Internal Documentation,Soft
Polyacrylamide Gel Electrophoresis,Hard
Traffic Laws,Hard
Franchising Skills,Hard
Define Measure Analyze Improve and Control (DMAIC),Hard
Fiscal Policies,Hard
Point-of-sale Systems,Hard
Acute Myeloid Leukemia (Professional Expertise),of
Work Orders,Hard
Instagram Marketing,specific
Revenue Growth,interpersonal
Trend Analysis,Hard
Diagramming,Hard
Hardware Stores,Hard
Metrics,Hard
Environmental Control,Hard
Construction Toolkits,Hard
Processing of Payments,Hard
Career Development,Soft
Locksmithing Skills,Hard
Inverters,Hard
Parametrization,Hard
Helicopters,Hard
Food Delivery,Hard
Softball,Hard
Digitization,Hard
Emergency Repair,Hard
Pilot Experiment,Hard
Catering Companies,Hard
Test Design,Hard
Clutch,Soft
Brand Awareness,Hard
Resource Utilization,Hard
Job Analysis,Hard
Beverage Sales,Soft
Operations Support Systems,Hard
Braille,Hard
Barcodes,Hard
Industrial Control - Commissioning,Hard
Digital Management,and
Telecommunications Service,Hard
Catering Activity and Reception Organisation,Soft
File (Tool),Hard
Matrix Management Organizational Structure,Hard
HEC-RAS,Hard
Shot-peening,Hard
Knowledge of Immunization,Hard
Smart Contracts,Hard
5s-Method,Hard
Telephone Call Reception Management,Hard
Lean Six Sigma Green Belt,Hard
Strategic Communication,Hard
Photojournalism,technical
Robot Welding,Hard
FM Broadcasting,Hard
General Stores,Hard
Business Processes,Hard
Field Service Management,Hard
"Roadworks, Highways and Utilities",Hard
Organisation of Deliveries,Hard
Knowledge of Leasings,Hard
Materials Management,Hard
Legal Documentation,Hard
Multimedia,Hard
Process Termination Pay,Hard
Auditing Standards,Hard
Clinical Engineering,Hard
Regulatory Requirements,Hard
Process Management,Hard
Test Engineering,Hard
Control Methods,Hard
Arc Welding,Hard
Forklift Safety,Soft
Debt Settlements,Hard
Economic Analysis,Hard
Surgical Emergency,Hard
Climate Change,Hard
Business Planning,Hard
Haemodialysis,Hard
Productivity Software,Hard
Social Policy,Hard
Knowledge of Standards Compliance,Hard
Subscription Management,Hard
Market Penetration,Hard
Vehicle Types,Soft
Water Treatment,Hard
Shop Drawing,Hard
Exhaust Systems,Hard
Ice Cream,Hard
Locomotives,These
Facebook Marketing,might
Recruiment Consulting,Hard
Knowledge of Labor Relations,Hard
Post Sales,Soft
Developmental Psychology,Hard
Site Layout,Hard
Portrait Photography,Hard
General Chemistry,Hard
Graphic Communication,Hard
Molecular Diagnostics,Hard
Social Advertisement,ads
Tennis,Soft
People Services,Soft
Music Production,Hard
Collateral Management,Hard
Reverse Engineering,Hard
Art History,Hard
Data Protection,Hard
Service Improvement Planning,strategic
Data Collection,Hard
Clinical Chemistry,Hard
Signaling,Soft
Fuel Consumption,Hard
Applied Economics,Hard
Health Psychology,Hard
Civil Infrastructure,Hard
Propulsion,Hard
Text Processing,Hard
Household Cleaning,Soft
Digital Signals,Hard
Bagging,Hard
Montessori Education,Soft
Stock Markets,Hard
Product Control,Hard
Social Development,Soft
Product Marketing,Hard
Databases,Hard
Agricultural Machinery,Hard
Tax Auditing,Hard
Brochure Design,Hard
Property Laws,Hard
Construction Site Safety,Hard
Human Resource Marketing,Hard
Cargo Van Driving,Hard
Volumetric Flow Rate,Hard
Business Process Outsourcing,Hard
Wholesaling,negotiation
Pathology,Hard
Euclidean Geometry,Hard
Gamification,Hard
Photonics,Hard
Graphic Animation,Hard
Influencer Marketing,a
Vehicle Cleaning,Hard
Special Effects,Hard
Altium Designer,Hard
Animal Welfare,Soft
European Social Funds,Hard
Industrial Processes,Hard
Knowledge of Blood Donations,Hard
Planning Permission,Hard
Project Portfolio Management,Hard
Laboratory Management System,Hard
Money Investments,Hard
Bioassays,Hard
Animal Transport,Hard
Policy Enforcement,Hard
Data Entry Skills,Hard
Business Coaching,Soft
Customer Service,Soft
Skiing,Hard
Glassware,Hard
Safety Monitoring,Soft
Refinery,Hard
Fire-Control Systems,Hard
Employee Retention Management,Soft
Behavioural Problems,Soft
Phytotherapy,Hard
Airline Catering,Hard
Risk Prevention,Hard
Petrochemicals,Hard
Economic Development,Hard
Valuation of Options,Hard
Car Washing,Hard
Offshore Work,answer
Closing Entries,Hard
Compatibility Testing,Hard
Disc Jockey,Soft
Pharmaceutical Packaging,Hard
Enzyme-Linked Immunosorbent Assay (ELISA),Hard
Electrical Industry,Hard
Volleyball,Soft
Structural Mechanics,Hard
Children Development Interventions,Hard
Knowledge of the Maritime Sector,Hard
Bridge Crane Operation,Hard
Recruitment,Soft
Crypto Currency,Hard
Aerospace Materials,Hard
Creative Briefs,Hard
MRNAs,Hard
Commissioning of New Buildings,Answer
Usability Testing,Soft
Geotechnical Engineering,Hard
Time Management,Soft
Caring for People with Dementia,Soft
Creating Prototypes,Hard
Contemporary Art,Soft
Money Management,skills.
Customer Demand Planning,Hard
Fuel Pumps,Hard
Language Interpretation,Hard
Operational Reporting,Hard
Phychological Trauma,Soft
Intelligence Assessment,Soft
Energy Production,Hard
Corporate Clients,Soft
Amplifiers,Hard
Gun Control,with?
ISO 22000,Hard
Work Preparation,Hard
Calculations,Hard
Arboriculture,Hard
Watches,Hard
Showrooms,Hard
Bank Reconciliation,Hard
Torque,Hard
Urban Planning,Hard
Cash Management,Hard
Hydrocarbon,specific
Biomedical Sciences,Hard
Procurement Management,Hard
Birthday Parties,Soft
Knowledge of After-sales Services,Hard
Job Evaluation,Hard
Auxiliary Power Unit,Hard
Plastic Surgeries,Hard
Conformance Testing,Hard
Heavy Equipment,Hard
Commercial Cleaning,Hard
Requirements Analysis,Hard
Qualitative Research,Soft
Technical Writing Skills,Hard
Hedging of Risk,Hard
Data Processing,Hard
Knowledge of Hygiene,Soft
Vehicle Delivery,Hard
Pedicure,Hard
Assembly and Installation,Hard
Food Preservation,Hard
Structural Equation Modeling,Hard
Electrical Transformers,Hard
Commercial Support,Soft
Door Frames,Hard
Just in Time,Hard
Organization Development,Soft
Planning Processes,Soft
Mass Retailing,Conclusion:
Sustainability,Soft
Diadem,"""Soft""."
Online Banking,Hard
Sales,Soft
Cold Chain,and
Concept Image and Concept Definition,Soft
Internationalization,Hard
Finite Element Methods,Hard
Technical Services,Hard
Foreign Exchange Markets,Hard
Prenatal Diagnosis,Hard
Deliberation Skills,Soft
Electrical Safety Testing,Hard
Data Entry of Delivery Notes,Hard
Incoterms,Hard
Composite Materials,Hard
Personal Injury Law,Hard
Electronic Systems,Hard
Health Technology,Hard
Drilling Platforms,Hard
Parts Cleaning,Hard
Grilling Skills,Hard
Competition Analysis,Hard
Suckering,Unknown
Business Marketing,Hard
Travel Coordination,Soft
Transport Networks,Hard
Technical Skills,Hard
Automotive Industry,Hard
Local Management,Hard
Anatomical Pathology,Hard
Common Stock,Hard
Sound Systems,Hard
Thermodynamic Systems,Hard
Molecular Cloning,Hard
Nanomaterials,Hard
Interventional Radiology,"patients,"
Refrigerated Transport,requirements
Aromatherapy,Soft
Social Marketing,Soft
Surface Preparation,Hard
Electronic Article Surveillance,Hard
Museums,Unknown
Boarding School,"situation,"
Medical Equipment,Hard
Outbreak,Hard
Team Management,Soft
Iso Standards,Hard
Sealing,Hard
Vibrations,Hard
Technical Consultancy,Hard
Power Circuits,Hard
Impact Assessment,Hard
Osteopathy,Hard
Refinancing,Hard
Frying Skills,Hard
Consultation Service,Hard
Electrical Installations,Hard
Hydraulic Press,Hard
Antiques,Hard
Basic Accounting Principles,Hard
Wellness Treatments,Soft
Securities Market,Hard
Risk Reduction,Hard
Business Communication,Soft
Physics,Hard
ESG Criteria,Hard
Curriculum Development,Hard
Acids,Hard
Membranes,"steps,"
Market Trends,Hard
Driving,Hard
Grading of Landscape,Soft
Ambulation,Hard
Head Gasket,I'll
Plumb Bob,Hard
Salts,answer.
Housekeeping Skills,Soft
Business Development,Soft
Cross Selling,Soft
Payment Schedule,Hard
Construction Surveying,Hard
Organizational Architecture,Hard
Dermatology,Hard
Information Source,Soft
Competition Law,Hard
Electro Mechanical Engineering,Hard
Luggage Check-in and Tagging,Hard
Strategies of Pricing,Hard
Distillation,Hard
Soldering Skills,Hard
Instrumentation,Hard
Chemical Composition,Hard
Commercial Vehicles,Hard
Industrial Plant,Hard
Public Liability,Hard
Diesel Engines,Hard
Concealed Pistol License,Hard
Drilling (Metalworking),Hard
Nurse Education,Soft
Inorganic Chemistry,Hard
Cultural Exchange,Soft
Artistic Development,Hard
Pharmaceutical Development,Hard
School Transport,Hard
Manufacturing Quality,Hard
Immunofluorescence,Hard
Site Operations,Hard
Plastics Processing,Hard
Trust Company,Hard
Unpacking Skills,Soft
Dimensioning Skills,Hard
Viticulture,Hard
Library Science,Hard
Source Codes,Hard
Digital Photography,Hard
Cash Accounting,Hard
Registered Dietitian,Dietitian
Visualization Software,Hard
Administration of Computer Systems,Hard
Kiosks,Hard
Hedge Trimming,Hard
Mixed Martial Arts,Hard
Philosophy,Soft
Tissue Engineering,Hard
Tax Laws,Hard
Communications Management,Hard
Retinal,Unknown
Functional Skills Qualification,Hard
Process Control,Hard
Siemens S7,Hard
Freezing,Hard
Logistics Operations,Hard
Negotiation of Contracts,Hard
Rights Management,Hard
Social Entrepreneurship,Soft
Talk Show,Soft
Macroeconomics,Hard
Soil Conservation,Hard
Polyester,in
Knowledge of Financial Forecasting,Hard
Sales Reports,Hard
First Level Maintenance,Hard
Electric Generators,Hard
Variable Cost,Hard
Lean Six Sigma,Hard
Physical Fitness,Hard
Overlock,Hard
Optical Time-Domain Reflectometer,Reflect
Industrial Management,skills.
Integrated Fluids Engineering,Hard
Property Management,Hard
Electric Motors,Hard
Gift Items,Soft
Ecosystems,Hard
Proof of Concept,Hard
Development Aid,Soft
Erosions,Hard
Educational Research,Hard
Market Share,Soft
Biosafety,Hard
Echocardiography,Hard
Manufacturing Processes,Hard
Front Office (Bank),Soft
Hacksaw,Hard
Automotive Technologies,Hard
Foreign Policies,Hard
Conversion Marketing,Hard
Plywood,provide.
Professional Services,Hard
Device Maintenance,Hard
Cultural Activities,Soft
Health Promotion,Soft
DNA Extraction,Hard
Production Flow Analysis,Hard
Financial Management,prominent.
Post-Production,Hard
Energy Law,Hard
Urology,Hard
Pre-Press,Hard
Business Ethics,Soft
Tool Production,Hard
Mentoring,Soft
Reengineering,Hard
Business-To-Consumer Sales Model,Sales
Cost Engineering,Hard
Simulation Software,Hard
Shear (Sheet Metal),Hard
Family Support,Soft
Bridge Building,Hard
Time and Activity Management,Soft
Liquidation,Hard
Antique Cars,Hard
Business Economics,Hard
Health Education,Hard
Development Management,Hard
Foams,Unknown
Audit Management,Hard
Autodesk Maya,Hard
Internal Combustion Engines,Hard
Activities of Daily Living,Soft
External Relations,Soft
Online Communication,Soft
Gender Studies,Soft
Filmmaking,Soft
Precision Engineering,Hard
Public Opinion,Soft
Market Requirements Documents,Hard
Blow Molding,Hard
Polypropylene,"""Unknown""."
Industrial Cleaning,Hard
Conduct a Personal Interview,Soft
Sprinkler Systems,Hard
Logistics Software,Hard
Testing Skills,Hard
Process Engineering,Hard
Consumable Products,Hard
Public Health Acts,Hard
Winter Sports,Hard
Production Costs Management,Hard
Gene Expression,Hard
Stenography,Hard
Well Logging,Hard
Anodizing,Hard
Property Maintenance,Hard
QR Codes,Hard
Pickling (Metal),Hard
Value-Added Services,Hard
Laboratory Techniques,Hard
Escalator Servicing and Commissioning,Hard
Automotive Sales,Soft
Lobbying,Soft
Justice,Soft
Architectural Design,Hard
Billing Processes,Hard
Organic Synthesis,Hard
Girders,measurable
Operate Concrete Mixer,Hard
Rehabilitations,Hard
Murals,technical
Risk Management,Hard
Documentation of the Processes,Soft
Car Accessories,Hard
Railway Signalling,Hard
Ethical Codes,Soft
Sample Analysis,Hard
Cost Reduction,Hard
Program Process Monitoring,Hard
Voltmeter,Hard
Material Characterization,Hard
Insurance Law,Hard
Thermoforming,Hard
Manual Gear Transmission,Hard
Hospital Pharmacy,Hard
Communication Studies,Soft
Primary Research,Hard
Deferred Compensation,Hard
Signage Installation,Hard
Shop Window Design,Soft
Management Control Systems,Hard
Product Information Management,Hard
Insurance Sales,Soft
Animal Experimentation,Hard
Load Calculation,Hard
Science Communication,Hard
Open-Source Software,Hard
Combustion Turbines,Hard
Gynaecology,with?
Jewelleries,Hard
Internal Medicine,Hard
Functional Testing,Hard
Cleaning of Buildings and Premises,Hard
Audiovisual Production,Hard
Accounting Methods,Hard
Social Behaviour,Soft
Petty Cash,Soft
Intellectual Property,Hard
Business Administration,Hard
Records Management,Hard
Knowledge of Patents,Hard
Process Development,Hard
Bottling Line,Hard
Hotel Reservation Systems,Hard
Business Structures,Hard
Cytogenetics,teachable.
Renewable Energy,Hard
Knowledge of the Aerospace Industry,Hard
Detail Engineering,Hard
Analytical Chemistry,Hard
Environmental Consulting,Hard
Medical Research,Hard
Language Assessment,Hard
Food Industry,skill
Astronomy,Hard
Underwear,Unknown
Ventilation Fans,Hard
Criminal Justice,Hard
Accrediting,Hard
Knowledge of Shears,Hard
Remote Sensing,Hard
Printed Circuit Board,Hard
Corporate Functions,Soft
Implantology,Hard
Electrical Distribution Board,Hard
Electric Utility,Hard
Web Design,Hard
Development Studies,Hard
Infusions,Hard
Sewer Systems,Hard
Injection Molding Machines,Hard
Customer Value Proposition,Hard
Beers,answer.
Base Transceiver Stations,Hard
Account Development,more
Portfolio Management,Hard
Rural Development,Hard
Promotional Merchandise,and
Environmental Chemistry,Hard
Industry 4.0,Hard
Bioreactors,Hard
Employment Applications,Soft
Injury Prevention,Soft
Ability to Follow a Recipe,Hard
Cognition Processing,Unknown
Fuses,Hard
Electropneumatics,Hard
Contractor Management,Soft
Optics and Eyewear,Hard
Job Sharing,Soft
Steel Mills,Hard
Job Planning,Hard
Blotting,Hard
Research Experiences,Hard
Compressed Air,"""Soft""."
Hardware Diagnostics,Hard
Fluid Pipes,Hard
Components Machining,Hard
Financial Data Analysis,Hard
Security Systems,Hard
Sustainable Technologies,Hard
Poultry,Hard
Display Devices,Hard
Complaints Management,Soft
Catering Activities,Soft
Facilities Engineering,Hard
History,Hard
Pension Funds,Hard
Integrated Logistics Support,Hard
Microtome,Unknown
Biological Systems,Hard
Tourism Marketing,Hard
Molecular Processing,Hard
Research Methodologies,Hard
Management Processes,Hard
Technical Management,Hard
Ultrasounds,Hard
Soil Science,Hard
Editorial Design,Hard
Air Cargos,Hard
Final Grades,Hard
Generation of Ideas,Soft
High-Definition Videos,Hard
Piping Valves,Hard
Cryptography,Hard
Ventilation,Hard
Block Scheduling,Hard
Biology,Hard
Private Label,skill.
Biogas,Hard
Foster Care,Soft
ANSYS Meshing,Hard
Insulators,Hard
Mailrooms,Soft
Editorial Calendar,Hard
Appraisal of Market Value,Hard
Patient Placement,Soft
"Cooling, Air-conditioning and Ventilation",Hard
Employee Retention,Soft
Moulds,Hard
Banking Services,Soft
Algorithms,Hard
Financial Derivatives,Hard
Firebreak,Unknown
Cash Flow Statements,Hard
Dysphagia,Hard
Health Assessment,Hard
Printmaking,Hard
Control Systems,Hard
Research Skills,Soft
Integrated Marketing Communications,Hard
Matrix-Assisted Laser Desorption/Ionization,of
Infertility,with?
Content Creation,Soft
Clinical Works,Hard
Concrete Mixing and Batching,Hard
Wood Industry,Hard
Motor Oils,"Change"""
Multidisciplinary Approach,Soft
Institutional Investing,in
Hand-truck,Hard
Ecology,Hard
Field Operations,Hard
Incubators,Soft
Reference Management,Hard
Online Research,Hard
Chisels,Hard
Sales Accounting,Hard
Eating Habits,Soft
Natural Cosmetics,Hard
Sales Territory Development,Hard
Fuel Tanks,Hard
Iron and Steam Equipment Operation,Hard
Travel Cost Analysis,Hard
Ticket Sales,Soft
Hay Baler,Hard
Forecasting Skills,Hard
Mechanical Engineering Technology,Hard
Service Delivery,Soft
Ordinances,Hard
Legal Knowledge,Hard
Hydroelectric Power Plants,Hard
Scoliosis (Professional Expertise),Hard
Miniature Golf,abilities
Canoe Software,Hard
Physical Chemistry,Hard
Sovereign Wealth Fund,Hard
Business Analysis,Hard
Phone Interviews,Soft
Public Affairs,Soft
Corrective Maintenance,Hard
Gender Violence,with?
Stock Control,Hard
Continuous Quality Improvement,Hard
Weighing Scale Operation,Hard
Professional Customer Services,Soft
Information Sharing,Soft
Perfumes,Hard
Transpose,Hard
Printing,Hard
Intravenous Infusions,Hard
Heat Treating,Hard
R (Programming Language),Hard
Energy Management,Soft
Legal Services,Hard
Financial Underwriting,Hard
Industrial Gases,Hard
Lamination of Floors,Hard
Aftermarket Modifications,Hard
Editing,Soft
Outdoor Recreation,Soft
Project Finance,Hard
Information Governance,Hard
Creative Writing,Soft
Device Management,Hard
Trailer Vehicles,Hard
Pelvic Floor,help.
Aviation,Hard
Coloring,Soft
Garden Tools,Hard
Plastics Molding,Hard
Market Liquidity,Hard
Knowledge of Government Contracting,Hard
Radar,Hard
Trekking,Hard
Cycle Counting,Soft
Business Informatics,Hard
Socialization Processes,Soft
Electrical Diagrams,Hard
Destructive Testing,Hard
Textiles,Hard
Magnetic Resonance Imaging,Hard
Continuing Care,Soft
Electric Resistance Welding,Hard
Research and Development,skills.
Oracle SCM,Hard
Housing,Hard
Secondary Education,Soft
Hospice Care,Soft
Manicure,Hard
Medical Genetics,Hard
Cochlear Implants,Hard
Automation of Buildings,Hard
Mock Ups,Hard
Business Consulting,skill.
Airbags,one.
Defibrillation,Hard
Knowledge of Direct Selling,Hard
COVID-19 Testing,Hard
Capability Development,Soft
Legal Indemnification,Hard
Orthopaedics,Hard
PIC Microcontroller,Hard
Instrument Calibration,Hard
Divestitures,skill.
New Ventures,Hard
Hearing Impairment,Hard
Maintenance Testing,Hard
Midas,to?
Laboratory Analyses,Hard
Consumerism,Unknown
Market Pricing,Hard
Industrial Equipment Servicing,Hard
Semantics,Hard
Patrolling,Hard
Industrial Planning,Hard
Language Translation,Hard
Acquisition of Customers,Soft
Vehicle Suspension,Hard
Electroplating,Hard
Hand Surgery,Hard
Credit Management,Hard
Focus Group,Soft
Condition Monitoring,Hard
Molecular Genetics,Hard
Social Engineering,knowledge
Graphic Arts,Hard
Mass Production,Hard
Employee Performance Management,Soft
Energy Market,Hard
Breakfast Preparation,Hard
Monitoring and Installation of Braking Systems,Hard
Logic Systems,Hard
Cost Benefit Analysis,Hard
Pharmacovigilance,Hard
Heat Transfer,Hard
Endodontics,Hard
Tender Documents,Hard
Recreational Vehicles,Hard
Circuit Switches,Hard
Production of Documents,Soft
Earthing,Soft
Debits and Credits,Hard
Operational Excellence,Hard
Incident Management,Soft
Fish Dishes,Hard
Return Goods Authorization Process,Hard
Misdemeanor,Unknown
Cloning (Biology),Hard
Molecular and Cellular Biology,Hard
Heading (Metalworking),Hard
Swap (finance),Hard
Writing of Reports,Hard
Circuit Breakers,Hard
Non-Destructive Testing (NDT),Hard
Plate Service,Soft
Public Administration,Hard
Child Psychiatry,Hard
Standard Operating Procedures,Soft
Down Syndrome (Professional Expertise),with?
Product Lifecycle Management,a
Market Basket,Hard
Physical Education (PE),Hard
Knowledge of Breads,Hard
Treatment Plans,Hard
Log Management and Intelligence,Hard
Market Research,Hard
Electrical Wirings,Hard
Organized Crime,with?
Product Lifecycle,Hard
Operationalization,Hard
Contact Center Management,Soft
Training Activities,Hard
Food Chemistry,Hard
Land Development,Hard
Beverage Products,Hard
Tax Consulting,Hard
Placard,Soft
Frequency Counter,Hard
Electric Current,Hard
Material Flow,Hard
Electromagnetism,Hard
Mass Spectrometry,Hard
Payroll Management,Hard
Traffic Control,Hard
Personal Information Protection and Electronic Documents Act,Hard
Dynamometer,Please
Allergology,Hard
Shop Fitting,Hard
Breathing Equipment,Hard
Foreclosures,Hard
Nursing Home Care,Hard
Aquaculture,Hard
International Education,Soft
Content Management,Hard
Recessed Electrical Installation Work,Hard
Risk Advisory,Hard
Coordination of Motors,Hard
Flexible Manufacturing Systems,Hard
Multimodal Transport,Hard
Online Public Access Catalog,Hard
Design Methods,Hard
International Automotive Task Force,"However,"
Customer Support,Soft
Sense of Direction,Hard
Biochemical Assays,Hard
Physical Tests,Hard
Telemarketing,Soft
ISO 13485,Hard
IT Asset Management,Hard
Genetic Disorders,Hard
Indirect Costs,Hard
Contact Management Systems,Hard
Children's Entertainment,Soft
Calibration,Hard
Workflows,Hard
Cabinetry,Hard
Environmental Education,Hard
Geopolitics,Hard
Mathematical Modeling,Hard
Chartering (Shipping),Hard
Auditing Skills,Hard
Civil Aviation,Hard
Testbed,Hard
Visual Inspections,Soft
Spectrophotometry,Hard
Differentials,Hard
Catalogues,Soft
Coatings,Hard
Construction,Hard
Immigration Law,Hard
Assembly of Pipes,Hard
Business Correspondence,Soft
Abaqus,Answer:
Digital Subscriber Line,Hard
Energy Technology,Hard
Integrated Content,Hard
Perforation,Hard
Tubs,measurable
Hardness Tests,Hard
Oil and Gas,Hard
Tin Soldering,Hard
Dissolution,Hard
Processing of Documents,Soft
Voltage,Hard
Anti Money Laundering,Hard
Cardiology,Hard
Animal Species,Hard
Product Lines,Hard
Glass Production,Hard
Tape Recorder,Hard
Surgical Procedures,Hard
Business Continuity,Hard
Management of Changes,Soft
Imaging,Hard
Tank Truck,"vehicle,"
Delivery of Projects,Soft
Foreign Languages,Soft
Pesticides,with?
Physical Strength,Hard
Oscilloscope,Hard
Pistons,Hard
Full Stack Development,Hard
Scanning Electron Microscope,Hard
Anthropology,Hard
Tumbling,Hard
Centrifugal Pumps,Hard
Income Statements,Hard
Brand Design,Hard
Applied Behavior Analysis,Hard
Industrial Lasers,Hard
Programmable Logic Controllers,Hard
Air and Ocean Freight Forwarding,Hard
Visual Arts,Soft
Expertise in Communications,Soft
Technical Support,Hard
Management of Engineers,Hard
Grinding Machines Operation,Hard
Real-Time Polymerase Chain Reactions,Hard
Biological Engineering,Hard
Access Controls,Hard
ATEX Directives,Hard
Dyslexia,empathy
Product Testing,Hard
Speech-Language Pathology,Hard
Meat Products,Hard
Code Enforcement,as:
Wire Drawing,Hard
Unloading Skills,Hard
Clinical Pathology,Hard
Sales Development,Soft
Edge Development Options,Hard
Plasma (Physics),Hard
Thermodynamics,Hard
Multiple Sclerosis,skill.
Money Transfer,Hard
Design and Technology,Hard
Pediatrics,of
Capital Markets,Hard
Demonstration Skills,Soft
Sarbanes-Oxley Act (SOX) Compliance,Hard
Glucose Meters,Hard
Drainage Systems,Hard
Household Products,Soft.
Core Drilling,Hard
Seating Capacity,Hard
Environmental Protection,Hard
Floodplain,planning.
Wildlife Management,Hard
Environmental Analysis,Hard
Knowledge of Campaigns,Hard
Management of Facilities,Hard
Legal Research,Hard
Photovoltaics,Hard
Pet Animals,Soft
Beverage Production,Hard
Purchase Requisitions,Hard
Commercial Vehicle Operation,Hard
Cash Register Operation,Hard
Telephone Skills,Soft
Tail Lift Truck,Hard
Nuclear Power,Hard
Design Thinking,Hard
Stock Accounting,Hard
Fire Alarm Systems,Hard
Sales Promotion,Soft
Pap Tests,Hard
Concierge Services Operations,standard
Mechanical Engineering,Hard
Knowledge of Lighting,Hard
Work Order Management,Hard
Management Systems,Hard
Musical Instruments,Hard
Ceramics,Hard
Fluid Dynamics,Hard
Labelling and Embosser Machine Operation,Hard
Welding,Hard
Crocheting,Hard
Leadership Development,Soft
Customer Loyalty Programs,Hard
Neurodegeneration,Hard
Drying Systems,Hard
Dental Assistance,Hard
Knowledge of Hospitality,Hard
Sciences,Hard
Lactation (Professional Expertise),Hard
Decorative Arts,Soft
Color Correction,Hard
Business Partnership Development,Soft
Time Series,Hard
Bottle Dressing,Hard
Bakeries,Hard
Cost Management,Hard
Budgeting Skills,Hard
Chemical Process,Hard
Textile Trade,skills.
Hockey,Soft
Windshield,one.
Storytelling,Soft
Total Productive Maintenance,Hard
Dental Technology,Hard
Bumpers,Hard
Mechatronics,Hard
Materials Cutting,Hard
Knowledge of Statistics,Hard
Mobile Telephony,skill
Architectural Drawings,Hard
Land Management,Hard
Industrial Electricity,Hard
Corporate Services,Hard
Training Planning,Hard
Motorcycles,Hard
Sensors,Hard
Degreasing,Hard
Agency Management System,Hard
Cardiac Massage,Hard
Quality Auditing,Hard
Timber Frame,Hard
Multi-Level Marketing,"communication,"
Building Cladding,Hard
Diagnostic Skills,Hard
Pilot Plant,Hard
Creation of Textures,Hard
Organic Farming,Hard
Good Manufacturing Practices,Hard
Lumber,detail
Structured Cabling,Hard
Algebra,Hard
Jurisprudence,Hard
Parkinson's Disease (Professional Expertise),not
Endocrinology,Hard
Bricolage,it
Tachograph,Hard
Tax Credits,Hard
Riveting,Hard
Television,"""Soft""."
Animal Production,Hard
Infrastructure Design,Hard
Risk Factors,Hard
Gas Chromatography Mass Spectrometry,Hard
Order Billing,Hard
Cybernetics,Hard
Human Biology,Hard
Personnel Training,Hard
Knowledge of Videoconferencing,Hard
Privacy Law,Hard
Blenders,Hard
Upselling Skills,Soft
Hunting,Hard
Landfill,"""Unknown"
Large Goods Vehicles,Hard
Design Engineering,Hard
Automatic Control,Hard
Criminal Procedure,Hard
Interpersonal Communications,Soft
Knowledge of Mathematics,Hard
International Relations,Hard
Transport Economy,Hard
Psychopathology,Hard
Chassis,"""Chassis""."
Rapid Response,Soft
Use of Grinding Machine,Hard
Blogging Skills,Hard
Information Access,Hard
Knowledge of Retirement Support,Hard
Swimming Skills,Hard
Tooling Assembly and Dismantling,Hard
Unemployment Benefits,Hard
Validation Protocols,Hard
Synthetic Materials,Hard
Annotations,Soft
Occupational Safety and Health,Soft
Mental Health,Soft
Analysis of Business Processes,Hard
Crisis Communications,Soft
Pharmaceutical Production,Hard
Corrective and Preventive Action,Hard
Circuit Design,Hard
Palletizing,Hard
Develop Networks,Soft
Teaching,Hard
Nitrogen Phosphorous Detector,maintain
Nastran (Computer-Aided Design Software),Hard
Vehicle Security,Hard
Metal Detector,Hard
Development Support,Hard
Knowledge of Cleanrooms,Hard
Chemical Reagents,Hard
Glueing,Hard
Retail Management,Hard
Neuromodulation,Hard
Protein Expression,Hard
Hydraulic Engineering,Hard
Computer Keyboard Operation,Hard
National Markets,Hard
Unit Processes,Hard
Biological Hazards,Hard
Protein,provide.
Security Testing,Hard
Parks and Gardens Maintenance,Hard
Spotlighting,Soft
Aerosols,Hard
Tanning,Soft
Innovation Management,Hard
Lean Enterprise,Hard
Knowledge of Vocabularies,Hard
Scaffolding Assembly,Hard
Business Requirements,Soft
Microsoldering,Hard
Knowledge of Purchasing Processes,Hard
Typing Skills,Hard
Warehouse Management Systems,Hard
Online Advertising,Hard
Blueprinting,Hard
Calendar Management,Hard
Inbound Marketing,Answer:
Orthotics,Hard
Automatic Gear Transmission,Hard
Marketing Operations,Hard
Patient Education,Soft
Laser Scanning,Hard
Load Management,Hard
Alarm Management,Hard
Uninterruptible Power Supply,Hard
Construction Cleaning,Hard
Kitchen Assembly,Hard
Small Tool Operation,Hard
Advance Design System,Hard
Adult Education,Soft
Commercialization Skills,Soft
Professional Communication,Soft
Revenue Management,Hard
Scheduling,Hard
Quality Management,Hard
Dental Materials,Hard
Security Level Management,Hard
Ability to Work at Heights,Hard
Floor Cleaning,Hard
Technical Audit,Hard
Advertising Campaigns,not
Motion Graphic Design,Hard
Supplier Evaluation,Hard
Customs Broking,a
Key Risk Indicator,Hard
Basketball,Hard
Knowledge of Fax,Hard
Technological Change,Hard
Biomedical Engineering,Hard
Spices (Cooking),Hard
P&L Responsibilities,Hard
Industrial Buildings (Construction),Hard
Geometric Design,Hard
Deposition (Geology),Hard
Travel Advisory,Hard
Credit Control,Hard
Electronic Remittance Advice,Hard
Shielded Metal Arc Welding,Hard
Computational Fluid Dynamics,Hard
E-Commerce,Hard
Capital Gains,Hard
Language Development,Unknown
Food Programs,Hard
Sewing Skills,Hard
Management Software,Hard
Materials Technology,Hard
Lexicons,Hard
Electromyography,measurable
Business Support Systems,Hard
Foreign Military Sales,classify
Functional Design,Hard
Batteries,Hard
Distribution of Pharmaceutical Products,Hard
Nuclear Medicine,Hard
Machinery Adjustment,Hard
Internal Communications,Soft
Interior Design,Hard
Wallpapering,Hard
Optoelectronics,Hard
Real Estate Investing,and
Safety Principles,Hard
Plotters,Hard
Food Engineering,Hard
Health Impact Assessments,Hard
Insurance Claim Processing,applied.
Advertising Sales,Soft
Medical Materials,Hard
Technical Sales,Hard
Family Law,Hard
Disassembly,Hard
Loyalty Marketing,Soft
International Sales,Soft
Memos,Soft.
Sound Studio,Hard
Revocation,Hard
Furnaces,Hard
Photocopying Skills,Hard
Engineered Materials Arrestor Systems,Hard
Building Design,Hard
Refrigerant,answer.
Drilling Operations,Hard
Pediatric First Aid,Hard
Tapping,Hard
Subsidies,Hard
Nail Gun,Hard
Visual Merchandising,Soft
Traceability,Soft
Role-Playing,Soft
Real Estate Appraisal,Hard
Dynamo,Unknown
Stress (Mechanics),Hard
Dehumidifiers,device
Competitive Sport,Hard
Actuators,Hard
Electrophoresis,Hard
Grand Opening,Hard
Personnel Procedures,Hard
Patrol Duty,Soft
Redox,Hard
Truck Stop,Unknown
Weight Management,Soft
Markets in Financial Instruments Directive,Hard
Traffic Violations,Hard
Amortization,Hard
Satellite Tracking,Hard
CNC Milling Machine,Hard
Piano,Hard
Library Management,Hard
Business Partnerships,Soft
Record Label,Hard
Autoclaves,Hard
Root Cause Analysis,Hard
Exterior Cleaning,Hard
Installation of Underfloor Heating,Hard
Food Handling,Hard
Earnings before Interest and Taxes (EBIT),Hard
Sensory Analysis,Hard
Life Support,Hard
Cycling,Hard
Bidding Skills,Soft
Measurement and Metrology,Hard
Personal Protective Equipment,Hard
Alarm Devices,Hard
Scientific Studies,Hard
Fluorescence,Hard
Crimpers,Unknown
Salesforce Commerce Cloud,Hard
Collective Catering,Hard
Zertifikat Deutsch,Soft
Progress Reports,Soft
Linguistics,Hard
Knowledge of Pedagogy,Hard
Radiology,Hard
E-Recruiting,the
Medical Records,Hard
Clinical Research,Hard
Forestry,Hard
Consumer Promotions,Soft
Product Demonstration,Hard
Menu Planning,Soft
Carve-Out,Hard
Humanitarianism,Soft
Ballasts,Hard
Surface-Mount Technology,Hard
Strategic Alliances,Soft
Early Childhood Education,Soft
Telemetry,Hard
Industrial Design,Hard
Ratios Analysis,Hard
Event Management,Hard
Respiratory Protection,Hard
Ammonia,answer.
Soccer,Hard
ISO/IEC 17025,Hard
Integrated Systems,Hard
Precision Instruments,Hard
Bill of Quantities,Hard
Hot-Pressing,Hard
Reservation Management,Hard
Guitars,Hard
Job Shops,Hard
Violin,Hard
Execution of Contracts,Hard
Solid State Physics,Hard
Deburring,Hard
Private Security,Hard
Storyboarding,Soft
Engineering Design Process,Hard
Alzheimer's Disease,Hard
Business Education,Hard
Punch Presses,Hard
Sweeping Skills,Hard
Integrated Circuits,Hard
Systems Design,Hard
Applied Science,Hard
Scrapers,Hard
Baggage Sorting,Hard
Service Innovation,Hard
Oxygen Therapy,Hard
Powder Coating,Hard
Photographic Studio,Hard
Hazardous Materials,Hard
General Utility Van,Hard
Confocal,Unknown
Green Building,Hard
Secretarial Experience,Soft
Product Management,skill
Accounts Payable,Hard
Demand Forecasting,Hard
Industrial Waste,Hard
External Audits,Hard
Presentations,Soft
Botany,Hard
Orthodontics,Hard
Environmental Management,Hard
Synopsis,Soft
Presales,Hard
Electrical System Design,Hard
Phone Support,Soft
Financial Institution,Hard
Course Evaluations,""""
B2C Marketing,Hard
Performing Arts,Soft
General Security,Hard
Physiology,Hard
Notetaking Skills,Soft
Primary Care,Hard
Labor Sciences,Hard
Knowledge of Sawing,Hard
Serving (Food),Soft
Outsourcing,Soft
Pasteurization,Hard
General Administrative Support,Hard
Situation Analysis,Hard
Model Building,Hard
Preventive Maintenance,Hard
Mathematical Analysis,Hard
Abnormal Loads Driving,Hard
Financial Asset,Hard
Science Education,Hard
Service-Level Agreement,Hard
Payroll Cost,Hard
SAP Certification,Hard
Technology Transfer,Hard
Arbitrage,Hard
Patchwork,Hard
Flowcharts,Hard
Energy Supply,Hard
Alternative Medicine,Hard
Precision Agriculture,Hard
Case Analysis,Hard
Archaeological Excavations,Hard
Knowledge of Planograms,Hard
Exhibit Design,Hard
ISO 14000 Standard,Hard
Accounts Receivable,Hard
Plastic Welding,Hard
Engine Repair,Hard
Gene Therapy,Hard
Normalization Processes,Hard
Gymnastics,Hard
Securities Research,Hard
Electronic Circuits,Hard
Hydraulics,Hard
Cropping Skills,Hard
Work Placements,Soft
Material Requirements Planning,Hard
Copper Tubing,Hard
Remanufacturing,Hard
Handicraft,Soft
Mathematical Finance,Hard
Tournaments,Soft
Quantum,"""Quantum"
Governance,Hard
Workstations,Hard
Menopause,Unknown
Western Blot,Hard
Restriction of Hazardous Substances Directive,Hard
Stacker Cranes,Hard
Maintenance of Pools,Hard
Corporate Governance,Hard
Spray Coating Application,Hard
Logotypes,Hard
Energy Efficiency,Hard
Holter Monitor,Hard
Self Checkout,Hard
Nursing Management,classification.
Field-Programmable Gate Array (FPGA),Hard
Supplier Payments,Hard
Operating Models,Hard
Snow Removal,Hard
Manufacturing Execution System (MES),Hard
Regenerative Medicine,Hard
ISO 50001,Hard
Test Management Tools,Hard
Alternative Fuels,Hard
Appliance Repair,Hard
Agriculture,Hard
Strategic Management,Hard
Visual Testing,Soft
Defensive Driving,Hard
Brainstorming,Soft
Stainless Steel Welding,Hard
Cadastre,Hard
Industrial Equipment Installation,Hard
Ignition Systems,Hard
Fences,the
Digital Signage,Based
Sketch Comedy,Soft
Knowledge of Autism,Soft
Financial Securities,Hard
Asperger Syndrome,Soft
Team Building,Soft
Kraft Process,Hard
Payslip Processing,Hard
Hammers,Hard
Data Modeling,Hard
Agency Management,Soft
Systems Engineering,Hard
Marketing Analytics,Hard
Knowledge of Tower Cranes,Hard
Health Administration,Hard
Mechanical Tools,Hard
Transportation of Passengers,Hard
Bass (Instrument),Soft
Six Sigma Methodology,Hard
Corporate Security,Hard
Tort Law,Hard
Mergers and Acquisitions,Hard
Energy Audits,Hard
Cutters,Hard
Writing Documentation,Soft
Material Purchasing,Hard
Commercial Off-The-Shelf,and
Recreational Activities,Soft
Benchmarking Skills,Hard
Call Centers,Soft
Steam Turbine,Hard
Electromagnetic Waves,Hard
Metabolism,Unknown
Levelling,Hard
Collection Development,Hard
Molecular Pathology,Hard
Audit Working Papers,Hard
Advanced Product Quality Planning,Hard
CRM Marketing,Soft
DNA Sequencing,Hard
Library Catalog,Hard
Closed-circuit Television,Hard
LabVIEW,Hard
Knowledge Bases,Hard
Lean Processes,Hard
Hypermesh,Unknown
Management Training,Soft
Scrap Metals,Hard
Buffers,be
Phonics,Hard
Quantitative Analysis,Hard
Value Creation,Hard
Viral Vector,Hard
Digital Printing,Hard
Greeting of Guests,Soft
Quarries,Hard
Visual Communications,Hard
First Aid and Preparedness,Hard
Organizational Structures,Hard
Personal Development,Soft
Customer Satisfaction,Soft
CNC Machine Installation and Maintenance,Hard
Inventory Accounting,Hard
Forward Planning,Hard
Military Logistics,Hard
"Earthworks - Roads, Pavements and Highways",Hard
Air Navigation,Hard
Deviation Management,Hard
Classroom Management,Soft
Environmental Auditing,Hard
Literature Research,Soft
Aphasia (Professional Expertise),Expert
Furniture Manufacture and Assembly,Hard
Alcoholic Liver Disease (Professional Expertise),Expertise
InVision,Hard
Greenhouse Gas,Unknown
Go to Market,Hard
Title 21 of the Code of Federal Regulations,Hard
Hepatitis,with?
Business Studies,Hard
Motorsport,Hard
Communication Design,Hard
Profit-Based Sales Targets,Hard
Maternity Hospital,better?
Silicone,hypothetical
Compressors,Hard
Food Preparation,Hard
Product Positioning,Soft
Massages,Hard
Specialty Pharmaceuticals,Hard
Legal Agreements,Hard
Patent Applications,Hard
Participation Management,Soft
Medical Tests,Hard
Marketing Planning,Hard
Tunnels,Hard
Radio,Hard
Corporate Social Responsibility,Soft
Soups,Unknown
Medical Error,Hard
Educational Services,Unknown
Floor Scrubbers,Hard
Mechanical Inspection,Hard
Food Production,Hard
Private Hospital,"Administration""?"
Annexation,Hard
Meteorology,Hard
Cosmetic Products,Hard
Billboards,Soft
Heidenhain,Unknown
Information Assurance,Hard
Spare Parts Management,Hard
Change Control,Hard
Tax Accounting,Hard
Acoustics,Hard
Pedals (Machine and Equipment Operation),Hard
Parenteral Nutrition,Hard
Construction Engineering,Hard
Garage Doors,Hard
Stakeholder Management,Soft
Lift Servicing and Installation,Hard
Sales Processes,Soft
Health Sciences,Hard
Reflexology,Hard
Weld Quality Assurance,Hard
Food Transport,Hard
IRIS Software,Hard
Reservations Systems,Hard
Cost Modelling,Hard
Telematics,Hard
Neuropsychology,Hard
Fluid Mechanics,Hard
Sewing Techniques,Hard
Hospitality Management,Hard
Automation,Hard
Operating Expenses,Hard
Knowledge of Electrical Engineering,Hard
Front Office,Hard
Folding Machines,Hard
Design Management,Hard
Manufacturing Engineering,Hard
Thermostat,Hard
Biotechnology,Hard
Laser Engraving,Hard
Intranet,Hard
Psychosocial Development,Soft
Open Water,Hard
Spectrum Analyzer,Hard
Secondary Research,Hard
Chromatography,Hard
Physical Security,Hard
Electrical Materials,Hard
Scooters,Soft
LinkedIn Marketing,to
Motor Control,Hard
Reverse Logistics,Hard
Business Workflow Analysis,Hard
Experiential Marketing,Hard
Aluminum,answer.
Embedded C,Hard
Simatic S5 PLC,Hard
Judicial System,Hard
Transplanting,Hard
Mammography,Hard
Planned Maintenance,Hard
Electrical Discharge Machining,Hard
Singing,Hard
International Financial Reporting Standards,Hard
Supply and Demand,Hard
Environmental Monitoring,Hard
Service Quality,Soft
Asset Tracking,Hard
Construction Plant Operation,Hard
Manufacturing Automation,Hard
Fitness Training,Soft
Cutting Tools,Hard
Failure Mode Effects Analysis,Hard
Corporate Laws,Hard
Fuel Filter,Hard
Commercial Sector,Hard
Public Finance,Hard
Wireless Communications,Hard
Transactional Accounts,Hard
Fluorescence Microscopy,Hard
User Experience,Soft
Snowboard,Hard
Tissue Samples,"""Unknown""."
Meat Processing,Hard
ISO 45001,understanding
Circular Economy,Hard
Carpentry,Hard
Pretreatment,Hard
Lithography,Hard
Computer Architecture,Hard
Economic Growth,Hard
Project Management,Hard
Financial Consolidation,Hard
Educational Psychology,Hard
Touchscreens,Soft
Toxicology,Hard
Janitorial Duties,Soft
Chemistry,Hard
Axles,Hard
Contract of Sale,Hard
Energy Transformation,often
Molecular Biology,Hard
Web Platforms,Hard
Security Managing,Hard
Insurance Claim Management,Hard
Qualitative Analysis,Soft
Financial Education,Hard
Submitting VAT Returns,Hard
Haul Trucks,Hard
Entrepreneurship,Conclusion
Scalability,Hard
Polymer Chemistry,Hard
Mortgage Loans,Hard
Technical Communication,Hard
Airline Reservations Systems,Hard
Wire Transfer,Hard
Cattle Husbandry,Hard
Clinical Practices,Hard
Hydration,Soft
Electric Vehicles,Hard
Flow Cytometry,Hard
Knowledge of Education,Hard
Constitutional Law,Hard
Finished Goods Management,Hard
Mobile Services,Hard
Optical Fiber Cabling,Hard
HVAC,Hard
Chemical Products,Hard
Knowledge of Finance,Hard
Public Law,Hard
Irrigation (Agriculture),Hard
Criminal Codes,Hard
Refresher Training (Military),Hard
Expense Account,Hard
Security Policies,Hard
Washing Windows,Hard
Health Physics,Hard
Goods Receiving Process,Soft
Leadership Styles,Soft
Dielectrics,Hard
Motion Controls,Hard
Consumer Protection,Hard
Plasma Cutting,Hard
Hotel Management,Hard
Philosophy of Business,Soft
Air Hammers,Hard
Pharmaceutical Products Packaging,Hard
Value (Economy),Hard
Marketing Mix,Hard
Consumer Products,Hard
Controlling Interest,Soft
Oxy-Fuel Welding,Hard
Color Management,Hard
Dredging,Hard
Compression Molding,Hard
Coordinate Measuring Machine (CMM),Hard
Electrical Appliances,Hard
Criminology,Hard
Accounting Software,Hard
Modelling Skills,Hard
Gas Metal Arc Welding,Hard
Ad Operations,Hard
Truss,skill.
Functional Safety,Hard
Broadcasting,Soft
Electric Power Transmission,Hard
Motivating Employees,Soft
Moulding Skills,Hard
Building Materials,Hard
Synergetics,knowledge
Vacuum Cleaners,objects.)
Plaster,Hard
Dunning Process,Hard
Sports Science,Hard
Accessioning,Soft
Gap Analysis,Hard
Corporate Sustainability,Hard
Cookware,Hard
Case Studies,Soft
Design Tool,Hard
Product Strategies,Soft
Administrative Operations,Soft
Distribution Management Systems,Hard
Railway Operations and Servicing,Hard
Pressure Ulcer,"Ulcer""."
Employee Engagement,Soft
Credit Risks,Hard
Language Arts,Hard
Patient Information Leaflets,Soft
Drawing Skills,Hard
Dentistry,Hard
Knowledge of Wine,Hard
Writing of Proposals,Soft
Hygiene Products,classification.
Oral and Maxillofacial Surgery,Hard
Sculpture,Hard
Mechanical Assembly,Hard
Refractometer,knowledge
Trenching Skills,Hard
Software Planning,Hard
Chemical Hazards,Hard
Cardiothoracic Surgeries,Hard
Operational-Level Agreement,Hard
Public Order,Hard
Drones,Hard
Fault Tree Analysis,Hard
Carpets,Hard
Retail Commerce,Hard
Spinal Muscular Atrophy (Professional Expertise),technical
Machinery,Hard
Landscape Ecology,Hard
Unmanned Aerial Vehicle,Hard
Urban Design,Hard
File Organization,Hard
Geology,Hard
Mathematical Sciences,Hard
Loading and Unloading,Hard
Hydrostatics,Hard
Biochemistry,Hard
Cable Pulling,Hard
General Ledger Documents,Hard
Human Capital,Soft
Systems Integrator,Hard
Accounting Control,Hard
Finance Consultancy,Hard
Road Markings,Hard
Plastering Process,Hard
Punctuation,Hard
Art Direction,Hard
Metal Sheets,Unknown
Chain Restaurants,Hard
Occupational Medicine,Hard
Library Research,Hard
IT Service Management,Hard
Nursing,Hard
Electronic Billing,Hard
Light-Emitting Diode,Hard
Particle Physics,Hard
GDPR,Hard
Stochastic Process,Hard
Labeling,Hard
Competency-Based Development,Soft
Filtration,Hard
Electronics Manufacturing,Hard
Product and Manufacturing Information,Hard
Employment Contracts,Hard
Sales Analytics,because
Management of Expenses,Hard
Product Configuration,Hard
Micrometer,Hard
High Voltage,Hard
Spot Welding,Hard
Distribution Logistics,Hard
ISO 14971,Hard
Probability and Statistics,Hard
Bulletins,Hard
Solution Selling,Soft
Control Center,Hard
Employee Onboarding,Hard
Innovation,Soft
Negotiation Skills,Soft
Business Intelligence,Hard
Integrated Design,Hard
M Programming Language,Hard
System Safety,Hard
Quantitative Research,Hard
Transport of Dangerous Goods,Hard
Census,Hard
Agronomy,Hard
Laboratory Tests,Hard
Site Inspection,Hard
Field Marketing,Answer:
Value Chain,Hard
Audio Equipment,Hard
Influenza,Hard
Pharmaceutical Regulations,Hard
Commercial Aviation,physical/behavior
Security Devices,Hard
Standard Accounting Practices,Hard
Electronics,Hard
Sports Equipment,Soft
Emergency Management,Soft
Search Engine Optimization,Hard
Personal Branding,Soft
Health Products,Hard
Legal Consultancy,Hard
